CUT,DEP,ORD
org.carlspring.commons.io.diff.BinaryDiff,java.io.InputStream,2
org.carlspring.commons.encryption.EncryptionAlgorithmsEnum,org.carlspring.commons.encryption.EncryptionAlgorithmsEnum,1
org.carlspring.commons.io.RecursiveMover,java.nio.file.Path,2
org.carlspring.commons.io.RecursiveMover,java.nio.file.Path,1
org.carlspring.commons.io.diff.BinaryDiffTest,org.carlspring.commons.io.diff.BinaryDiffTest,1
org.carlspring.commons.io.RandomInputStream,org.carlspring.commons.io.RandomInputStream,1
org.carlspring.commons.io.FileUtils,org.carlspring.commons.io.FileUtils,1
org.carlspring.commons.io.MultipleDigestInputStreamTest,org.carlspring.commons.io.MultipleDigestInputStreamTest,1
org.carlspring.commons.io.MultipleDigestOutputStream,org.carlspring.commons.io.MultipleDigestOutputStream,1
org.carlspring.commons.io.RecursiveMover,java.io.IOException,1
org.carlspring.commons.io.RecursiveMover,java.io.IOException,2
org.carlspring.commons.util.MessageDigestUtils,org.carlspring.commons.util.MessageDigestUtils,1
org.carlspring.commons.io.AbstractByteRangeInputStream,org.carlspring.commons.io.AbstractByteRangeInputStream,1
org.carlspring.commons.io.ByteRangeInputStream,java.io.InputStream,1
org.carlspring.commons.io.MultipleDigestInputStream,org.carlspring.commons.http.range.ByteRange,1
org.carlspring.commons.io.FileUtils,java.nio.file.Path,2
org.carlspring.commons.io.FileUtils,java.nio.file.Path,1
org.carlspring.commons.io.MultipleDigestInputStream,org.carlspring.commons.http.range.ByteRange,2
org.carlspring.commons.io.MultipleDigestInputStream,java.util.Map,1
org.carlspring.commons.io.diff.BinaryDiff,org.carlspring.commons.io.diff.BinaryDiff,1
org.carlspring.commons.io.MultipleDigestInputStream,java.util.Map,2
org.carlspring.commons.io.ByteRangeInputStream,java.io.InputStream,2
org.carlspring.commons.io.MultipleDigestOutputStream,java.io.File,2
org.carlspring.commons.io.MultipleDigestOutputStream,java.io.File,1
org.carlspring.commons.io.MultipleDigestOutputStreamTest,org.carlspring.commons.io.MultipleDigestOutputStreamTest,1
org.carlspring.commons.io.FileUtilsTest,java.nio.file.Path,1
org.carlspring.commons.io.FileUtilsTest,java.nio.file.Path,2
org.carlspring.commons.io.MultipleDigestInputStream,org.carlspring.commons.io.MultipleDigestInputStream,1
org.carlspring.commons.io.ByteRangeInputStream,java.util.List,1
org.carlspring.commons.io.MultipleDigestInputStream,org.carlspring.commons.io.reloading.ReloadableInputStreamHandler,1
org.carlspring.commons.io.ByteRangeInputStream,java.util.List,2
org.carlspring.commons.util.MessageDigestUtils,java.io.InputStream,2
org.carlspring.commons.util.MessageDigestUtils,java.io.InputStream,1
org.carlspring.commons.io.AbstractByteRangeInputStream,org.carlspring.commons.http.range.ByteRange,1
org.carlspring.commons.io.AbstractByteRangeInputStream,org.carlspring.commons.http.range.ByteRange,2
org.carlspring.commons.io.MultipleDigestInputStream,org.carlspring.commons.io.reloading.ReloadableInputStreamHandler,2
org.carlspring.commons.io.MultipleDigestOutputStream,java.util.Map,2
org.carlspring.commons.io.MultipleDigestOutputStream,java.util.Map,1
org.carlspring.commons.io.diff.BinaryDiff,java.io.InputStream,1
org.carlspring.commons.io.ByteRangeInputStream,org.carlspring.commons.io.ByteRangeInputStream,1
org.carlspring.commons.io.resource.ResourceCloser,java.io.Closeable,1
org.carlspring.commons.io.resource.ResourceCloser,java.io.Closeable,2
org.carlspring.commons.io.diff.BinaryDiff,java.io.ByteArrayOutputStream,1
org.carlspring.commons.io.RecursiveMover,java.nio.file.attribute.BasicFileAttributes,2
org.carlspring.commons.io.RecursiveMover,java.nio.file.attribute.BasicFileAttributes,1
org.carlspring.commons.util.MessageDigestUtils,java.security.MessageDigest,2
org.carlspring.commons.util.MessageDigestUtils,java.security.MessageDigest,1
org.carlspring.commons.io.AbstractByteRangeInputStream,org.carlspring.commons.io.reloading.ReloadableInputStreamHandler,1
org.carlspring.commons.io.AbstractByteRangeInputStream,org.carlspring.commons.io.reloading.ReloadableInputStreamHandler,2
org.carlspring.commons.io.diff.BinaryDiff,java.io.ByteArrayOutputStream,2
org.carlspring.commons.io.MultipleDigestOutputStream,java.io.OutputStream,1
org.carlspring.commons.io.reloading.FSReloadableInputStreamHandler,java.nio.file.Path,2
org.carlspring.commons.io.reloading.FSReloadableInputStreamHandler,java.nio.file.Path,1
org.carlspring.commons.io.MultipleDigestOutputStream,java.io.OutputStream,2
org.carlspring.commons.io.RecursiveMover,org.carlspring.commons.io.RecursiveMover,1
org.carlspring.commons.io.AbstractByteRangeInputStream,java.io.InputStream,2
org.carlspring.commons.io.reloading.ReloadableInputStreamHandler,org.carlspring.commons.io.reloading.ReloadableInputStreamHandler,1
org.carlspring.commons.io.AbstractByteRangeInputStream,java.io.InputStream,1
org.carlspring.commons.io.MultipleDigestOutputStream,java.nio.file.Path,1
org.carlspring.commons.io.MultipleDigestOutputStream,java.nio.file.Path,2
org.carlspring.commons.io.ResourceWithLength,org.carlspring.commons.io.ResourceWithLength,1
org.carlspring.commons.io.resource.ResourceCloser,org.slf4j.Logger,1
org.carlspring.commons.io.reloading.FSReloadableInputStreamHandler,org.carlspring.commons.io.reloading.FSReloadableInputStreamHandler,1
org.carlspring.commons.io.resource.ResourceCloser,org.slf4j.Logger,2
org.carlspring.commons.io.AbstractByteRangeInputStream,java.util.List,2
org.carlspring.commons.io.AbstractByteRangeInputStream,java.util.List,1
org.carlspring.commons.io.MultipleDigestInputStream,java.io.InputStream,2
org.carlspring.commons.io.MultipleDigestInputStream,java.io.InputStream,1
org.carlspring.commons.io.MultipleDigestInputStream,java.util.List,1
org.carlspring.commons.io.ByteRangeInputStream,org.carlspring.commons.io.reloading.ReloadableInputStreamHandler,2
org.carlspring.commons.io.ByteRangeInputStream,org.carlspring.commons.io.reloading.ReloadableInputStreamHandler,1
org.carlspring.commons.io.RandomInputStreamTest,org.carlspring.commons.io.RandomInputStreamTest,1
org.carlspring.commons.io.MultipleDigestInputStream,java.util.List,2
org.carlspring.commons.io.ByteRangeInputStream,org.carlspring.commons.http.range.ByteRange,1
org.carlspring.commons.io.ByteRangeInputStream,org.carlspring.commons.http.range.ByteRange,2
org.carlspring.commons.io.reloading.Repositioning,org.carlspring.commons.io.reloading.Repositioning,1
org.carlspring.commons.io.resource.ResourceCloser,org.carlspring.commons.io.resource.ResourceCloser,1
org.carlspring.commons.io.reloading.Reloading,org.carlspring.commons.io.reloading.Reloading,1
org.carlspring.commons.io.FileUtilsTest,org.carlspring.commons.io.FileUtilsTest,1
